--SpringBoot 서버가 새로 시작할 때 이 파일의 쿼리들이 자동으로 실행됨

--front 사용자 추가
INSERT INTO USERS (USER_INDEX, USERID, PASSWORD, USERNAME, NICKNAME, ADDRESS, ADDRESS_DETAIL, PHONE, ACTIVATED) VALUES (1, 'admin', '$2a$08$lDnHPz7eUkSi6ao14Twuau08mzhWrL4kyZGGU5xfiGALO/Vxd5DOi', 'admin', 'admin', 'admin', 'admin', '010', 1);
INSERT INTO USERS (USER_INDEX, USERID, PASSWORD, USERNAME, NICKNAME, ADDRESS, ADDRESS_DETAIL, PHONE, ACTIVATED) VALUES (2, 'lhj', '$2a$08$lDnHPz7eUkSi6ao14Twuau08mzhWrL4kyZGGU5xfiGALO/Vxd5DOi', 'lhj', 'lhj', 'lhj', 'lhj', '010', 1);

INSERT INTO AUTHORITY (AUTHORITY_NAME) values ('ROLE_USER');
INSERT INTO AUTHORITY (AUTHORITY_NAME) values ('ROLE_ADMIN');

INSERT INTO USER_AUTHORITY (USER_INDEX, AUTHORITY_NAME) values (1, 'ROLE_USER');
INSERT INTO USER_AUTHORITY (USER_INDEX, AUTHORITY_NAME) values (1, 'ROLE_ADMIN');
INSERT INTO USER_AUTHORITY (USER_INDEX, AUTHORITY_NAME) values (2, 'ROLE_USER');

-- admin 사용자 추가
INSERT INTO ADMIN_USERS (USER_INDEX, USERID, PASSWORD, USERNAME, NICKNAME, ADDRESS, ADDRESS_DETAIL, PHONE, ACTIVATED) VALUES (1, 'admin', '$2a$08$lDnHPz7eUkSi6ao14Twuau08mzhWrL4kyZGGU5xfiGALO/Vxd5DOi', 'admin', 'admin', 'admin', 'admin', '010', 1);
INSERT INTO ADMIN_USERS (USER_INDEX, USERID, PASSWORD, USERNAME, NICKNAME, ADDRESS, ADDRESS_DETAIL, PHONE, ACTIVATED) VALUES (2, 'lhj', '$2a$08$lDnHPz7eUkSi6ao14Twuau08mzhWrL4kyZGGU5xfiGALO/Vxd5DOi', 'lhj', 'lhj', 'lhj', 'lhj', '010', 1);

INSERT INTO ADMIN_AUTHORITY (AUTHORITY_NAME) values ('ROLE_USER');
INSERT INTO ADMIN_AUTHORITY (AUTHORITY_NAME) values ('ROLE_ADMIN');

INSERT INTO ADMIN_USER_AUTHORITY (USER_INDEX, AUTHORITY_NAME) values (1, 'ROLE_USER');
INSERT INTO ADMIN_USER_AUTHORITY (USER_INDEX, AUTHORITY_NAME) values (1, 'ROLE_ADMIN');
INSERT INTO ADMIN_USER_AUTHORITY (USER_INDEX, AUTHORITY_NAME) values (2, 'ROLE_USER');
