--SpringBoot 서버가 새로 시작할 때 이 파일의 쿼리들이 자동으로 실행됨
-- front 사용자 추가
DELETE FROM USER_AUTHORITY;
DELETE FROM AUTHORITY;
DELETE FROM USERS;

--front 사용자 추가
INSERT INTO USERS (USER_INDEX, USERID, PASSWORD, USERNAME, NICKNAME, ADDRESS, ADDRESS_DETAIL, PHONE, DOR_YN, DEL_YN, JOIN_DATE, BLOCK_YN, BLOCK_DATE, LAST_LOGIN_DATE, ACTIVATED) VALUES (1, 'admin@naver.com', '$2a$08$lDnHPz7eUkSi6ao14Twuau08mzhWrL4kyZGGU5xfiGALO/Vxd5DOi', 'admin', 'admin', 'admin', 'admin', '010', 'N', 'N', {ts '2023-01-01 00:00:00'}, 'N', {ts '2023-01-01 00:00:00'}, {ts '2023-01-01 00:00:00'}, 1);
INSERT INTO USERS (USER_INDEX, USERID, PASSWORD, USERNAME, NICKNAME, ADDRESS, ADDRESS_DETAIL, PHONE, DOR_YN, DEL_YN, JOIN_DATE, BLOCK_YN, BLOCK_DATE, LAST_LOGIN_DATE, ACTIVATED) VALUES (2, 'jun950617@naver.com', '$2a$08$lDnHPz7eUkSi6ao14Twuau08mzhWrL4kyZGGU5xfiGALO/Vxd5DOi', 'lhj', 'lhj', 'lhj', 'lhj', '010', 'N', 'N', {ts '2023-01-01 00:00:00'}, 'N', {ts '2023-01-01 00:00:00'}, {ts '2023-01-01 00:00:00'}, 1);

INSERT INTO AUTHORITY (AUTHORITY_NAME) values ('ROLE_USER');
INSERT INTO AUTHORITY (AUTHORITY_NAME) values ('ROLE_ADMIN');

INSERT INTO USER_AUTHORITY (USER_INDEX, AUTHORITY_NAME) values (1, 'ROLE_USER');
INSERT INTO USER_AUTHORITY (USER_INDEX, AUTHORITY_NAME) values (1, 'ROLE_ADMIN');
INSERT INTO USER_AUTHORITY (USER_INDEX, AUTHORITY_NAME) values (2, 'ROLE_USER');

-- admin 사용자 추가
DELETE FROM ADMIN_USER_AUTHORITY;
DELETE FROM ADMIN_AUTHORITY;
DELETE FROM ADMIN_USERS;

INSERT INTO ADMIN_USERS (USER_INDEX, USERID, PASSWORD, USERNAME, NICKNAME, ACTIVATED) VALUES (1, 'admin', '$2a$08$lDnHPz7eUkSi6ao14Twuau08mzhWrL4kyZGGU5xfiGALO/Vxd5DOi', 'admin', 'admin', 1);

INSERT INTO ADMIN_AUTHORITY (AUTHORITY_NAME) values ('ROLE_USER');
INSERT INTO ADMIN_AUTHORITY (AUTHORITY_NAME) values ('ROLE_ADMIN');

INSERT INTO ADMIN_USER_AUTHORITY (USER_INDEX, AUTHORITY_NAME) values (1, 'ROLE_USER');
INSERT INTO ADMIN_USER_AUTHORITY (USER_INDEX, AUTHORITY_NAME) values (1, 'ROLE_ADMIN');
