--SpringBoot 서버가 새로 시작할 때 이 파일의 쿼리들이 자동으로 실행됨
-- front 사용자 추가
DELETE FROM USER_AUTHORITY;
DELETE FROM AUTHORITY;
DELETE FROM USERS;

--front 사용자 추가
INSERT INTO USERS (USER_INDEX, LOGIN_ID, PASSWORD, USERNAME, NICKNAME, ADDRESS, ADDRESS_DETAIL, PHONE, DOR_YN, DEL_YN, JOIN_DATE, BLOCK_YN, BLOCK_DATE, LAST_LOGIN_DATE, THUMBNAIL_IDX, ACTIVATED) VALUES (99, 'admin@naver.com', '$2a$08$lDnHPz7eUkSi6ao14Twuau08mzhWrL4kyZGGU5xfiGALO/Vxd5DOi', 'admin', 'admin', 'admin', 'admin', '01080808080', 'N', 'N', {ts '2023-01-01 00:00:00'}, 'N', {ts '2023-01-01 00:00:00'}, {ts '2023-01-01 00:00:00'}, 1, 1);
INSERT INTO USERS (USER_INDEX, LOGIN_ID, PASSWORD, USERNAME, NICKNAME, ADDRESS, ADDRESS_DETAIL, PHONE, DOR_YN, DEL_YN, JOIN_DATE, BLOCK_YN, BLOCK_DATE, LAST_LOGIN_DATE, THUMBNAIL_IDX, ACTIVATED) VALUES (100, 'jun950617@naver.com', '$2a$08$lDnHPz7eUkSi6ao14Twuau08mzhWrL4kyZGGU5xfiGALO/Vxd5DOi', 'lhj', 'lhj', 'lhj', 'lhj', '01080808080', 'N', 'N', {ts '2023-01-01 00:00:00'}, 'N', {ts '2023-01-01 00:00:00'}, {ts '2023-01-01 00:00:00'}, 2, 1);

INSERT INTO AUTHORITY (AUTHORITY_NAME) values ('ROLE_USER');
INSERT INTO AUTHORITY (AUTHORITY_NAME) values ('ROLE_ADMIN');

INSERT INTO USER_AUTHORITY (USER_INDEX, AUTHORITY_NAME) values (99, 'ROLE_USER');
INSERT INTO USER_AUTHORITY (USER_INDEX, AUTHORITY_NAME) values (99, 'ROLE_ADMIN');
INSERT INTO USER_AUTHORITY (USER_INDEX, AUTHORITY_NAME) values (100, 'ROLE_USER');
INSERT INTO USER_AUTHORITY (USER_INDEX, AUTHORITY_NAME) values (100, 'ROLE_ADMIN');

-- admin 사용자 추가
DELETE FROM ADMIN_USER_AUTHORITY;
DELETE FROM ADMIN_AUTHORITY;
DELETE FROM ADMIN_USERS;

INSERT INTO ADMIN_USERS (USER_INDEX, USERID, PASSWORD, USERNAME, NICKNAME, ACTIVATED, DEL_YN, CREATED_DATE, MODIFIED_DATE) VALUES (0, 'admin', '$2a$08$lDnHPz7eUkSi6ao14Twuau08mzhWrL4kyZGGU5xfiGALO/Vxd5DOi', 'admin', 'admin', 1, 'N', {ts '2023-06-16 22:44:48'}, {ts '2023-06-16 22:44:48'});

INSERT INTO ADMIN_AUTHORITY (AUTHORITY_NAME) values ('ROLE_USER');
INSERT INTO ADMIN_AUTHORITY (AUTHORITY_NAME) values ('ROLE_ADMIN');

INSERT INTO ADMIN_USER_AUTHORITY (USER_INDEX, AUTHORITY_NAME) values (0, 'ROLE_USER');
INSERT INTO ADMIN_USER_AUTHORITY (USER_INDEX, AUTHORITY_NAME) values (0, 'ROLE_ADMIN');

--shop table
INSERT INTO SHOP (ID, MENU_NAME, DEPTH, PARENT_ID) VALUES (1, '짐웨어', 1, NULL);
INSERT INTO SHOP (ID, MENU_NAME, DEPTH, PARENT_ID) VALUES (2, '장비', 2, NULL);
INSERT INTO SHOP (ID, MENU_NAME, DEPTH, PARENT_ID) VALUES (3, '상의', 1, 1);
INSERT INTO SHOP (ID, MENU_NAME, DEPTH, PARENT_ID) VALUES (4, '하의', 2, 1);
INSERT INTO SHOP (ID, MENU_NAME, DEPTH, PARENT_ID) VALUES (5, '신발', 3, 1);
INSERT INTO SHOP (ID, MENU_NAME, DEPTH, PARENT_ID) VALUES (6, '악세서리', 4, 1);
INSERT INTO SHOP (ID, MENU_NAME, DEPTH, PARENT_ID) VALUES (7, '스트랩', 1, 2);
INSERT INTO SHOP (ID, MENU_NAME, DEPTH, PARENT_ID) VALUES (8, '팔꿈치보호대', 2, 2);
INSERT INTO SHOP (ID, MENU_NAME, DEPTH, PARENT_ID) VALUES (9, '무릎보호대', 3, 2);
INSERT INTO SHOP (ID, MENU_NAME, DEPTH, PARENT_ID) VALUES (10, '손목보호대', 4, 2);
INSERT INTO SHOP (ID, MENU_NAME, DEPTH, PARENT_ID) VALUES (11, '벨트', 5, 2);


--BOARD table
INSERT INTO BOARD (ID, BOARD_NAME) VALUES (1, '자유게시판');
INSERT INTO BOARD (ID, BOARD_NAME) VALUES (2, '오늘의식단');
INSERT INTO BOARD (ID, BOARD_NAME) VALUES (3, '운동비법');

--POST TABLE
INSERT INTO POST (ID, CONTENT, LIKES, POST_DATE, TITLE, BOARD_ID, USER_INDEX) VALUES (6, '1이당', 3, {ts '2023-01-01 00:00:00'}, '1이당', 1, 99);
INSERT INTO POST (ID, CONTENT, LIKES, POST_DATE, TITLE, BOARD_ID, USER_INDEX) VALUES (7, '2이당', 6, {ts '2023-01-01 00:00:00'}, '2이당', 1, 100);
INSERT INTO POST (ID, CONTENT, LIKES, POST_DATE, TITLE, BOARD_ID, USER_INDEX) VALUES (8, '3이당', 1, {ts '2023-01-01 00:00:00'}, '3이당', 1, 99);
INSERT INTO POST (ID, CONTENT, LIKES, POST_DATE, TITLE, BOARD_ID, USER_INDEX) VALUES (9, '4이당', 5, {ts '2023-01-01 00:00:00'}, '4이당', 1, 100);
INSERT INTO POST (ID, CONTENT, LIKES, POST_DATE, TITLE, BOARD_ID, USER_INDEX) VALUES (10, '5이당', 10, {ts '2023-01-01 00:00:00'}, '5이당', 1, 100);

--comment table
INSERT INTO COMMENT (ID, COMMENT_DATE, CONTENT, PARENT_ID, POST_ID, USER_INDEX) VALUES (41, {ts '2023-01-01 00:00:00'}, '1댓글', NULL, 6, 100);
INSERT INTO COMMENT (ID, COMMENT_DATE, CONTENT, PARENT_ID, POST_ID, USER_INDEX) VALUES (42, {ts '2023-01-01 00:00:00'}, '1대댓글', 41, 6, 99);
INSERT INTO COMMENT (ID, COMMENT_DATE, CONTENT, PARENT_ID, POST_ID, USER_INDEX) VALUES (43, {ts '2023-01-01 00:00:00'}, '2대댓글', 41, 6, 100);
INSERT INTO COMMENT (ID, COMMENT_DATE, CONTENT, PARENT_ID, POST_ID, USER_INDEX) VALUES (44, {ts '2023-01-01 00:00:00'}, '3대댓글', 41, 6, 100);
INSERT INTO COMMENT (ID, COMMENT_DATE, CONTENT, PARENT_ID, POST_ID, USER_INDEX) VALUES (45, {ts '2023-01-01 00:00:00'}, '2댓글', NULL, 6 ,99);
INSERT INTO COMMENT (ID, COMMENT_DATE, CONTENT, PARENT_ID, POST_ID, USER_INDEX) VALUES (46, {ts '2023-01-01 00:00:00'}, '4대댓글', 45, 6, 99);
INSERT INTO COMMENT (ID, COMMENT_DATE, CONTENT, PARENT_ID, POST_ID, USER_INDEX) VALUES (47, {ts '2023-01-01 00:00:00'}, '5대댓글', 45, 6, 99);
INSERT INTO COMMENT (ID, COMMENT_DATE, CONTENT, PARENT_ID, POST_ID, USER_INDEX) VALUES (48, {ts '2023-01-01 00:00:00'}, '6대댓글', 45, 6, 99);
INSERT INTO COMMENT (ID, COMMENT_DATE, CONTENT, PARENT_ID, POST_ID, USER_INDEX) VALUES (49, {ts '2023-01-01 00:00:00'}, '7대댓글', 45, 6, 99);
INSERT INTO COMMENT (ID, COMMENT_DATE, CONTENT, PARENT_ID, POST_ID, USER_INDEX) VALUES (50, {ts '2023-01-01 00:00:00'}, '3댓글', NULL, 6, 99);
INSERT INTO COMMENT (ID, COMMENT_DATE, CONTENT, PARENT_ID, POST_ID, USER_INDEX) VALUES (51, {ts '2023-01-01 00:00:00'}, '8대댓글', 50, 6, 100);
INSERT INTO COMMENT (ID, COMMENT_DATE, CONTENT, PARENT_ID, POST_ID, USER_INDEX) VALUES (52, {ts '2023-01-01 00:00:00'}, '9대댓글', 50, 6, 100);
INSERT INTO COMMENT (ID, COMMENT_DATE, CONTENT, PARENT_ID, POST_ID, USER_INDEX) VALUES (53, {ts '2023-01-01 00:00:00'}, '10대댓글', 50, 6, 99);